,A,R,N,D,C,Q,E,G,H,I,L,K,M,F,P,S,T,W,Y,V,-
A,1.0,0.22857142857142856,0.36363636363636365,0.38095238095238093,0.4,0.3076923076923077,0.32,0.29411764705882354,0.21621621621621623,0.45454545454545453,0.47619047619047616,0.2857142857142857,0.3333333333333333,0.25,0.13793103448275862,0.42105263157894735,0.5555555555555556,0.1702127659574468,0.23529411764705882,0.5882352941176471,0.0
R,0.22857142857142856,1.0,0.32432432432432434,0.2972972972972973,0.3055555555555556,0.358974358974359,0.3333333333333333,0.17142857142857143,0.20754716981132076,0.21428571428571427,0.28205128205128205,0.41025641025641024,0.30952380952380953,0.22916666666666666,0.08333333333333333,0.3142857142857143,0.20512820512820512,0.1935483870967742,0.22,0.21052631578947367,0.0
N,0.36363636363636365,0.32432432432432434,1.0,0.5909090909090909,0.4782608695652174,0.48148148148148145,0.39285714285714285,0.2727272727272727,0.275,0.3103448275862069,0.48,0.3548387096774194,0.3548387096774194,0.3142857142857143,0.11428571428571428,0.5,0.3076923076923077,0.24489795918367346,0.2972972972972973,0.32,0.0
D,0.38095238095238093,0.2972972972972973,0.5909090909090909,1.0,0.5,0.39285714285714285,0.46153846153846156,0.35,0.28205128205128205,0.32142857142857145,0.5,0.36666666666666664,0.36666666666666664,0.3235294117647059,0.11764705882352941,0.5238095238095238,0.32,0.22448979591836735,0.3055555555555556,0.3333333333333333,0.0
C,0.4,0.3055555555555556,0.4782608695652174,0.5,1.0,0.4074074074074074,0.4230769230769231,0.3,0.2894736842105263,0.3333333333333333,0.4583333333333333,0.3793103448275862,0.3793103448275862,0.3333333333333333,0.12121212121212122,0.55,0.3333333333333333,0.22916666666666666,0.3142857142857143,0.34782608695652173,0.0
Q,0.3076923076923077,0.358974358974359,0.48148148148148145,0.39285714285714285,0.4074074074074074,1.0,0.5925925925925926,0.23076923076923078,0.25,0.2727272727272727,0.36666666666666664,0.3939393939393939,0.3939393939393939,0.28205128205128205,0.10256410256410256,0.4230769230769231,0.26666666666666666,0.22641509433962265,0.2682926829268293,0.27586206896551724,0.0
E,0.32,0.3333333333333333,0.39285714285714285,0.46153846153846156,0.4230769230769231,0.5925925925925926,1.0,0.2916666666666667,0.2558139534883721,0.28125,0.3793103448275862,0.40625,0.40625,0.2894736842105263,0.10526315789473684,0.44,0.27586206896551724,0.20754716981132076,0.275,0.2857142857142857,0.0
G,0.29411764705882354,0.17142857142857143,0.2727272727272727,0.35,0.3,0.23076923076923078,0.2916666666666667,1.0,0.16216216216216217,0.25,0.2608695652173913,0.25925925925925924,0.21428571428571427,0.1875,0.14814814814814814,0.3157894736842105,0.23809523809523808,0.1276595744680851,0.17647058823529413,0.25,0.0
H,0.21621621621621623,0.20754716981132076,0.275,0.28205128205128205,0.2894736842105263,0.25,0.2558139534883721,0.16216216216216217,1.0,0.20454545454545456,0.2682926829268293,0.2391304347826087,0.2391304347826087,0.32608695652173914,0.10204081632653061,0.2972972972972973,0.225,0.288135593220339,0.3125,0.2,0.0
I,0.45454545454545453,0.21428571428571427,0.3103448275862069,0.32142857142857145,0.3333333333333333,0.2727272727272727,0.28125,0.25,0.20454545454545456,1.0,0.39285714285714285,0.2571428571428571,0.29411764705882354,0.23076923076923078,0.10810810810810811,0.34615384615384615,0.5,0.16666666666666666,0.21951219512195122,0.5217391304347826,0.0
L,0.47619047619047616,0.28205128205128205,0.48,0.5,0.4583333333333333,0.36666666666666664,0.3793103448275862,0.2608695652173913,0.2682926829268293,0.39285714285714285,1.0,0.34375,0.3870967741935484,0.3055555555555556,0.1111111111111111,0.4782608695652174,0.4,0.21568627450980393,0.2894736842105263,0.4166666666666667,0.0
K,0.2857142857142857,0.41025641025641024,0.3548387096774194,0.36666666666666664,0.3793103448275862,0.3939393939393939,0.40625,0.25925925925925924,0.2391304347826087,0.2571428571428571,0.34375,1.0,0.37142857142857144,0.2682926829268293,0.0975609756097561,0.39285714285714285,0.25,0.19642857142857142,0.2558139534883721,0.25806451612903225,0.0
M,0.3333333333333333,0.30952380952380953,0.3548387096774194,0.36666666666666664,0.3793103448275862,0.3939393939393939,0.40625,0.21428571428571427,0.2391304347826087,0.29411764705882354,0.3870967741935484,0.37142857142857144,1.0,0.2682926829268293,0.0975609756097561,0.39285714285714285,0.2903225806451613,0.19642857142857142,0.2558139534883721,0.3,0.0
F,0.25,0.22916666666666666,0.3142857142857143,0.3235294117647059,0.3333333333333333,0.28205128205128205,0.2894736842105263,0.1875,0.32608695652173914,0.23076923076923078,0.3055555555555556,0.2682926829268293,0.2682926829268293,1.0,0.08888888888888889,0.34375,0.2222222222222222,0.33962264150943394,0.5675675675675675,0.22857142857142856,0.0
P,0.13793103448275862,0.08333333333333333,0.11428571428571428,0.11764705882352941,0.12121212121212122,0.10256410256410256,0.10526315789473684,0.14814814814814814,0.10204081632653061,0.10810810810810811,0.1111111111111111,0.0975609756097561,0.0975609756097561,0.08888888888888889,1.0,0.125,0.12121212121212122,0.0847457627118644,0.0851063829787234,0.125,0.0
S,0.42105263157894735,0.3142857142857143,0.5,0.5238095238095238,0.55,0.4230769230769231,0.44,0.3157894736842105,0.2972972972972973,0.34615384615384615,0.4782608695652174,0.39285714285714285,0.39285714285714285,0.34375,0.125,1.0,0.34782608695652173,0.23404255319148937,0.3235294117647059,0.36363636363636365,0.0
T,0.5555555555555556,0.20512820512820512,0.3076923076923077,0.32,0.3333333333333333,0.26666666666666666,0.27586206896551724,0.23809523809523808,0.225,0.5,0.4,0.25,0.2903225806451613,0.2222222222222222,0.12121212121212122,0.34782608695652173,1.0,0.1568627450980392,0.21052631578947367,0.631578947368421,0.0
W,0.1702127659574468,0.1935483870967742,0.24489795918367346,0.22448979591836735,0.22916666666666666,0.22641509433962265,0.20754716981132076,0.1276595744680851,0.288135593220339,0.16666666666666666,0.21568627450980393,0.19642857142857142,0.19642857142857142,0.33962264150943394,0.0847457627118644,0.23404255319148937,0.1568627450980392,1.0,0.2807017543859649,0.16,0.0
Y,0.23529411764705882,0.22,0.2972972972972973,0.3055555555555556,0.3142857142857143,0.2682926829268293,0.275,0.17647058823529413,0.3125,0.21951219512195122,0.2894736842105263,0.2558139534883721,0.2558139534883721,0.5675675675675675,0.0851063829787234,0.3235294117647059,0.21052631578947367,0.2807017543859649,1.0,0.21621621621621623,0.0
V,0.5882352941176471,0.21052631578947367,0.32,0.3333333333333333,0.34782608695652173,0.27586206896551724,0.2857142857142857,0.25,0.2,0.5217391304347826,0.4166666666666667,0.25806451612903225,0.3,0.22857142857142856,0.125,0.36363636363636365,0.631578947368421,0.16,0.21621621621621623,1.0,0.0
-,0.0,0.0,0.0,0.0,0.0,0.0,0.0,0.0,0.0,0.0,0.0,0.0,0.0,0.0,0.0,0.0,0.0,0.0,0.0,0.0,1.0
